Answer.next_timings,Answer.order,Answer.practice_ids,Answer.q10_answer,Answer.q10_answer_timer,Answer.q10_eid,Answer.q11_answer,Answer.q11_answer_timer,Answer.q11_eid,Answer.q12_answer,Answer.q12_answer_timer,Answer.q12_eid,Answer.q13_answer,Answer.q13_answer_timer,Answer.q13_eid,Answer.q14_answer,Answer.q14_answer_timer,Answer.q14_eid,Answer.q15_answer,Answer.q15_answer_timer,Answer.q15_eid,Answer.q16_answer,Answer.q16_answer_timer,Answer.q16_eid,Answer.q17_answer,Answer.q17_answer_timer,Answer.q17_eid,Answer.q18_answer,Answer.q18_answer_timer,Answer.q18_eid,Answer.q19_answer,Answer.q19_answer_timer,Answer.q19_eid,Answer.q1_answer,Answer.q1_answer_timer,Answer.q1_eid,Answer.q20_answer,Answer.q20_answer_timer,Answer.q20_eid,Answer.q21_answer,Answer.q21_answer_timer,Answer.q21_eid,Answer.q22_answer,Answer.q22_answer_timer,Answer.q22_eid,Answer.q23_answer,Answer.q23_answer_timer,Answer.q23_eid,Answer.q24_answer,Answer.q24_answer_timer,Answer.q24_eid,Answer.q2_answer,Answer.q2_answer_timer,Answer.q2_eid,Answer.q3_answer,Answer.q3_answer_timer,Answer.q3_eid,Answer.q4_answer,Answer.q4_answer_timer,Answer.q4_eid,Answer.q5_answer,Answer.q5_answer_timer,Answer.q5_eid,Answer.q6_answer,Answer.q6_answer_timer,Answer.q6_eid,Answer.q7_answer,Answer.q7_answer_timer,Answer.q7_eid,Answer.q8_answer,Answer.q8_answer_timer,Answer.q8_eid,Answer.q9_answer,Answer.q9_answer_timer,Answer.q9_eid,Answer.start_timing,Answer.time_limits,Answer.window_focuses,Approve,Reject
12978|14483|18267|9782|3547|11921|5482|3883|4849|2819|3364|2702|3420|3246|3946|3225|4245|5215|3595|4480|4161|17246|4921|3298|3798|3304|5464|3266|2903|2016|2481|3034|2233,instructions_start|q1_ins|q1_box|q2_box|q3_box|q4_ins|q4_box|q5_box|q6_box|q7_ins|q7_box|q8_box|q9_box|q10_ins|q10_box|q11_box|q12_box|q13_ins|q13_box|q14_box|q15_box|q16_ins|q16_box|q17_box|q18_box|q19_ins|q19_box|q20_box|q21_box|q22_ins|q22_box|q23_box|q24_box|end_comments,q1_box|q2_box|q3_box,fishing,1428869592.364|0,125,drinking,1428869596.956|0,119,cleaning,1428869601.161|0,21,applauding,1428869609.66|0,6,writing,1428869613.915|0,106,running,1428869618.092|0,93,drinking,1428869639.781|0,129,brushing,1428869644.166|0,18,waving,1428869648.02|0,64,climbing,1428869653.723|0,65,phoning,1428869522.437|0,144,,-1|0,54,,-1|0,95,,-1|0,104,,-1|0,69,,-1|0,71,jumping,1428869539.82|0,38,drinking,1428869548.052|0,41,,-1|0,115,reading,1428869568.364|0,76,,-1|0,100,,-1|0,147,,-1|0,88,,-1|0,1,1428869490,-1|-1|8000|8000|8000|-1|2000|2000|2000|-1|1000|1000|1000|-1|4000|4000|4000|-1|5000|5000|5000|-1|3000|3000|3000|-1|1500|1500|1500|-1|500|500|500|-1,"1428869486.168|-1004,17789|||||||||||||||||||||139091,4398|||||||||||",,
4741|6696|7789|5067|5160|2527|3105|2722|3686|1718|3409|3736|2513|2375|2370|2323|2548|1511|6641|2850|2423|1536|2872|2785|2548|1138|2316|3342|2800|1046|1897|2104|2000,instructions_start|q1_ins|q1_box|q2_box|q3_box|q4_ins|q4_box|q5_box|q6_box|q7_ins|q7_box|q8_box|q9_box|q10_ins|q10_box|q11_box|q12_box|q13_ins|q13_box|q14_box|q15_box|q16_ins|q16_box|q17_box|q18_box|q19_ins|q19_box|q20_box|q21_box|q22_ins|q22_box|q23_box|q24_box|end_comments,q1_box|q2_box|q3_box,applauding,1428870259.635|0,29,reading,1428870261.89|0,76,running,1428870264.573|0,127,,-1|0,120,,-1|0,56,,-1|0,98,,-1|0,77,climbing,1428870284.527|0,52,,-1|0,57,running,1428870290.98|0,37,rowing,1428870220.168|0,23,writing,1428870294.275|0,83,running,1428870296.898|0,92,,-1|0,61,,-1|0,20,,-1|0,95,gardening,1428870225.59|0,4,phoning,1428870231.194|0,89,waving,1428870236.597|0,112,jumping,1428870239.705|0,108,cooking,1428870243.121|0,150,drinking,1428870248.345|0,107,gardening,1428870251.897|0,15,writing,1428870254.856|0,54,1428870203,-1|-1|8000|8000|8000|-1|4000|4000|4000|-1|3000|3000|3000|-1|2000|2000|2000|-1|1000|1000|1000|-1|1500|1500|1500|-1|5000|5000|5000|-1|500|500|500|-1,"1428870201.919|-286,5743||||||||||||||||||||||||||||||||",,
1261|10805|29221|10352|13494|7196|7246|7097|5902|3613|3929|3006|3000|4331|4985|4673|6642|2924|5253|5352|6869|2050|6954|5635|6702|4789|3596|4175|3386|1992|8820|4302|4302,instructions_start|q1_ins|q1_box|q2_box|q3_box|q4_ins|q4_box|q5_box|q6_box|q7_ins|q7_box|q8_box|q9_box|q10_ins|q10_box|q11_box|q12_box|q13_ins|q13_box|q14_box|q15_box|q16_ins|q16_box|q17_box|q18_box|q19_ins|q19_box|q20_box|q21_box|q22_ins|q22_box|q23_box|q24_box|end_comments,q1_box|q2_box|q3_box,,-1|0,59,,-1|0,75,cleaning,1428869405.014|0,69,running,1428869414.612|0,80,brushing,1428869420.169|0,132,,1428869426.61|0,98,fishing,1428869434.729|0,34,climbing,1428869441.878|0,65,cleaning,1428869448.845|0,101,,-1|0,114,gardening,1428869301.818|0,25,,-1|0,35,,-1|0,79,cooking,1428869472.658|0,16,running,1428869480.687|0,37,gardening,1428869485.113|0,15,drinking,1428869328.805|0,142,applauding,1428869337.993|0,1,,-1|0,126,,-1|0,23,,-1|0,47,,-1|0,29,,-1|0,127,,-1|0,27,1428869283,-1|-1|8000|8000|8000|-1|1000|1000|1000|-1|500|500|500|-1|2000|2000|2000|-1|3000|3000|3000|-1|4000|4000|4000|-1|1500|1500|1500|-1|5000|5000|5000|-1,"1428869280.858|-497,4210||||||||||||||||||||||||||||||||",,
16973|3191|3422|2994|3906|2094|2265|2473|2303|1695|2242|2624|1759|1055|1826|3584|2760|991|2009|1894|2643|1124|2844|3671|2608|869|1963|2552|2352|855|3089|1207|1601,instructions_start|q1_ins|q1_box|q2_box|q3_box|q4_ins|q4_box|q5_box|q6_box|q7_ins|q7_box|q8_box|q9_box|q10_ins|q10_box|q11_box|q12_box|q13_ins|q13_box|q14_box|q15_box|q16_ins|q16_box|q17_box|q18_box|q19_ins|q19_box|q20_box|q21_box|q22_ins|q22_box|q23_box|q24_box|end_comments,q1_box|q2_box|q3_box,,-1|0,109,reading,1428871483.352|0,76,jumping,1428871486.929|0,24,cooking,1428871491.016|103,133,running,1428871492.88|145,40,rowing,1428871495.36|313,55,,-1|0,147,,-1|0,14,,-1|0,124,,-1|0,59,cleaning,1428871453.585|0,26,,-1|0,75,,1428871511.837|0,16,,-1|0,10,brushing,1428871518.556|293,126,gardening,1428871520.291|142,114,waving,1428871456.888|0,86,brushing,1428871459.672|1593,71,phoning,1428871465.647|137,85,reading,1428871468.112|113,130,climbing,1428871470.4|145,82,fishing,1428871474.335|170,143,jumping,1428871476.982|139,96,phoning,1428871478.736|169,89,1428871431,-1|-1|8000|8000|8000|-1|3000|3000|3000|-1|5000|5000|5000|-1|1500|1500|1500|-1|4000|4000|4000|-1|1000|1000|1000|-1|500|500|500|-1|2000|2000|2000|-1,"1428871418.989|-953,30015||||||||||||||||||||||||||||||||",,
12373|18362|7252|5157|4855|11592|15519|15011|14327|3509|3530|4253|3492|5228|2522|1640|1068|72|16425|7253|4032|11963|9986|5878|3943|3674|3566|3465|3536|3828|3768|2971|2395,instructions_start|q1_ins|q1_box|q2_box|q3_box|q4_ins|q4_box|q5_box|q6_box|q7_ins|q7_box|q8_box|q9_box|q10_ins|q10_box|q11_box|q12_box|q13_ins|q13_box|q14_box|q15_box|q16_ins|q16_box|q17_box|q18_box|q19_ins|q19_box|q20_box|q21_box|q22_ins|q22_box|q23_box|q24_box|end_comments,q1_box|q2_box|q3_box,,-1|0,74,,-1|0,84,,-1|0,76,,-1|0,113,cleaning,1428869755.865|0,45,cooking,1428869763.136|0,133,,-1|0,99,,-1|0,55,,-1|0,36,running,1428869802.584|342,123,climbing,1428869642.451|0,13,fishing,1428869805.893|353,105,cooking,1428869809.568|445,16,,-1|0,130,,-1|0,66,,-1|0,135,running,1428869647.669|0,124,reading,1428869653.155|0,141,,-1|0,20,,-1|0,139,,-1|0,57,fishing,1428869716.953|850,125,drinking,1428869721.348|714,107,running,1428869724.856|734,40,1428869607,-1|-1|8000|8000|8000|-1|2000|2000|2000|-1|5000|5000|5000|-1|500|500|500|-1|3000|3000|3000|-1|1500|1500|1500|-1|4000|4000|4000|-1|1000|1000|1000|-1,"1428869605.893|-489,13798||||||||||||||||||||||||||||||||",,
4978|9543|7083|13599|4863|10096|19702|10819|8112|5053|7979|5351|3240|3000|3147|3645|3296|5183|4883|3048|3870|18151|5274|4169|2886|2503|3770|2015|3017|2336|3568|4591|4424,instructions_start|q1_ins|q1_box|q2_box|q3_box|q4_ins|q4_box|q5_box|q6_box|q7_ins|q7_box|q8_box|q9_box|q10_ins|q10_box|q11_box|q12_box|q13_ins|q13_box|q14_box|q15_box|q16_ins|q16_box|q17_box|q18_box|q19_ins|q19_box|q20_box|q21_box|q22_ins|q22_box|q23_box|q24_box|end_comments,q1_box|q2_box|q3_box,fishing,1428869224.384|0,125,fishing,1428869227.928|0,62,applauding,1428869231.695|0,6,,-1|0,114,,-1|0,144,,-1|0,134,rowing,1428869269.656|0,52,brushing,1428869276.117|0,18,cooking,1428869279.156|0,129,,-1|0,58,fishing,1428869127.454|0,105,,-1|0,150,,-1|0,39,applauding,1428869295.039|0,132,,-1|0,131,brushing,1428869303.912|0,48,,-1|0,34,phoning,1428869147.895|0,89,,-1|0,41,,-1|0,145,,-1|0,87,,-1|0,13,rowing,1428869213.807|0,61,drinking,1428869218.159|0,81,1428869109,-1|-1|8000|8000|8000|-1|1500|1500|1500|-1|5000|5000|5000|-1|4000|4000|4000|-1|1000|1000|1000|-1|3000|3000|3000|-1|500|500|500|-1|2000|2000|2000|-1,"1428869102.303|-1143,12981||||||||||||||||||||||||||||||||",,
9062|7673|4410|3381|3199|8184|3377|2920|3231|4713|11464|3536|2888|3600|3080|3512|4712|2255|2593|2576|3079|2007|3861|2822|3021|3601|2992|3737|2937|3798|3081|2209|2182,instructions_start|q1_ins|q1_box|q2_box|q3_box|q4_ins|q4_box|q5_box|q6_box|q7_ins|q7_box|q8_box|q9_box|q10_ins|q10_box|q11_box|q12_box|q13_ins|q13_box|q14_box|q15_box|q16_ins|q16_box|q17_box|q18_box|q19_ins|q19_box|q20_box|q21_box|q22_ins|q22_box|q23_box|q24_box|end_comments,q1_box|q2_box|q3_box,rowing,1428869563.146|0,28,,-1|0,134,,-1|0,84,climbing,1428869576.417|0,120,applauding,1428869579.163|0,33,gardening,1428869582.034|0,118,,-1|0,22,,-1|0,74,,-1|0,26,running,1428869600.331|0,70,rowing,1428869509.183|0,91,cooking,1428869604.091|0,60,drinking,1428869607.058|0,129,,-1|0,21,,-1|0,55,,-1|0,45,writing,1428869513.015|0,54,waving,1428869516.223|0,2,writing,1428869527.751|0,83,brushing,1428869530.839|0,68,fishing,1428869533.511|0,34,,-1|0,67,,-1|0,61,,-1|0,90,1428869490,-1|-1|8000|8000|8000|-1|5000|5000|5000|-1|1500|1500|1500|-1|2000|2000|2000|-1|3000|3000|3000|-1|1000|1000|1000|-1|4000|4000|4000|-1|500|500|500|-1,"1428869488.262|-332,10645||||||||||||||||||||||||||||||||",,
5591|11344|7618|7534|3711|12639|14379|9839|11153|6566|3730|5192|3512|6710|2457|2817|2600|4895|3401|5496|4183|3240|4370|3445|4169|1920|5768|3120|6728|2576|3991|3543|3704,instructions_start|q1_ins|q1_box|q2_box|q3_box|q4_ins|q4_box|q5_box|q6_box|q7_ins|q7_box|q8_box|q9_box|q10_ins|q10_box|q11_box|q12_box|q13_ins|q13_box|q14_box|q15_box|q16_ins|q16_box|q17_box|q18_box|q19_ins|q19_box|q20_box|q21_box|q22_ins|q22_box|q23_box|q24_box|end_comments,q1_box|q2_box|q3_box,,-1|0,143,,-1|0,54,,-1|0,131,gardening,1428869739.219|0,77,cooking,1428869743.795|0,61,cooking,1428869748.223|0,38,,-1|0,108,drinking,1428869759.799|0,41,,-1|0,6,phoning,1428869769.486|0,97,climbing,1428869637.987|0,82,running,1428869774.862|0,19,rowing,1428869778.552|0,25,brushing,1428869788.493|0,32,waving,1428869792.117|0,116,climbing,1428869795.973|0,87,waving,1428869645.283|0,86,brushing,1428869649.355|0,18,,-1|0,64,,-1|0,34,,-1|0,93,,-1|0,52,drinking,1428869710.403|0,121,phoning,1428869715.539|0,9,1428869615,-1|-1|8000|8000|8000|-1|1000|1000|1000|-1|1500|1500|1500|-1|500|500|500|-1|4000|4000|4000|-1|2000|2000|2000|-1|3000|3000|3000|-1|5000|5000|5000|-1,"1428869611.721|1939,3885||||||||||||||||||||||||||||||||",,
9593|18250|13074|8081|6933|17845|5994|12963|4442|2913|6193|4756|3946|2840|4814|3417|6568|3140|3362|3374|3513|2513|3483|3066|3071|3013|3803|3803|3612|2186|3655|3472|2909,instructions_start|q1_ins|q1_box|q2_box|q3_box|q4_ins|q4_box|q5_box|q6_box|q7_ins|q7_box|q8_box|q9_box|q10_ins|q10_box|q11_box|q12_box|q13_ins|q13_box|q14_box|q15_box|q16_ins|q16_box|q17_box|q18_box|q19_ins|q19_box|q20_box|q21_box|q22_ins|q22_box|q23_box|q24_box|end_comments,q1_box|q2_box|q3_box,phoning,1428869231.707|0,97,rowing,1428869235.786|0,91,,-1|0,149,,1428869248.367|0,108,,-1|0,1,,-1|0,55,fishing,1428869261.658|0,105,brushing,1428869264.934|0,68,gardening,1428869268.086|0,114,,-1|0,103,waving,1428869144.942|0,64,,-1|0,61,,-1|0,122,,-1|0,4,,-1|0,131,,-1|0,11,rowing,1428869158.933|0,3,brushing,1428869165.006|0,44,,-1|0,123,,-1|0,142,drinking,1428869205.719|0,107,running,1428869215.6|0,40,cleaning,1428869220.455|0,50,climbing,1428869224.499|0,82,1428869111,-1|-1|8000|8000|8000|-1|2000|2000|2000|-1|5000|5000|5000|-1|3000|3000|3000|-1|1500|1500|1500|-1|4000|4000|4000|-1|500|500|500|-1|1000|1000|1000|-1,"1428869108.756|-1516,13404||||||||||||||||||||||||||||||||",,
6386|8129|8409|4372|4454|2742|8690|6314|3619|2773|3820|4000|4214|3011|5441|3534|3421|2593|3279|3337|3220|2505|4236|3462|3029|2072|3174|2940|2538|1503|2950|3831|4412,instructions_start|q1_ins|q1_box|q2_box|q3_box|q4_ins|q4_box|q5_box|q6_box|q7_ins|q7_box|q8_box|q9_box|q10_ins|q10_box|q11_box|q12_box|q13_ins|q13_box|q14_box|q15_box|q16_ins|q16_box|q17_box|q18_box|q19_ins|q19_box|q20_box|q21_box|q22_ins|q22_box|q23_box|q24_box|end_comments,q1_box|q2_box|q3_box,reading,1428869550.781|0,76,cleaning,1428869553.96|0,50,fishing,1428869557.798|0,30,phoning,1428869563.656|0,46,cooking,1428869566.948|0,61,drinking,1428869570.183|0,107,cooking,1428869576.708|0,16,rowing,1428869580.424|0,91,climbing,1428869583.531|0,87,,-1|0,142,waving,1428869494.964|0,138,,-1|0,74,,-1|0,23,,-1|0,64,,-1|0,1,,-1|0,10,rowing,1428869501.243|0,102,writing,1428869505.593|0,47,,-1|0,69,,-1|0,101,drinking,1428869526.772|0,95,,-1|0,43,,-1|0,127,,-1|0,59,1428869475,-1|-1|8000|8000|8000|-1|2000|2000|2000|-1|500|500|500|-1|5000|5000|5000|-1|3000|3000|3000|-1|4000|4000|4000|-1|1500|1500|1500|-1|1000|1000|1000|-1,"1428869473.946|-1032,3584||||||||||||68798,554||||||||||||||||||||",,
5083|17134|11307|5135|10519|8341|10026|5696|5656|4047|8162|4358|2712|3735|4946|4004|3852|5720|5057|7055|5185|3926|4090|5439|5473|3030|5251|5903|4727|3182|5554|4641|4903,instructions_start|q1_ins|q1_box|q2_box|q3_box|q4_ins|q4_box|q5_box|q6_box|q7_ins|q7_box|q8_box|q9_box|q10_ins|q10_box|q11_box|q12_box|q13_ins|q13_box|q14_box|q15_box|q16_ins|q16_box|q17_box|q18_box|q19_ins|q19_box|q20_box|q21_box|q22_ins|q22_box|q23_box|q24_box|end_comments,q1_box|q2_box|q3_box,,-1|0,19,,-1|0,140,,-1|0,138,writing,1428869275.731|0,83,,-1|0,66,cleaning,1428869288.205|0,101,fishing,1428869296.162|0,49,writing,1428869300.86|0,149,,-1|0,41,phoning,1428869315.715|0,74,jumping,1428869180.862|0,24,gardening,1428869320.555|0,77,cleaning,1428869326.226|0,59,,-1|0,109,,-1|0,61,,-1|0,1,gardening,1428869189.579|0,36,applauding,1428869195.89|0,134,,-1|0,60,,-1|0,5,,-1|0,124,,-1|0,89,,-1|0,70,,-1|0,108,1428869152,-1|-1|8000|8000|8000|-1|2000|2000|2000|-1|500|500|500|-1|1000|1000|1000|-1|4000|4000|4000|-1|3000|3000|3000|-1|5000|5000|5000|-1|1500|1500|1500|-1,"1428869150.298|-520,7488||||||||||||||||||||||||||||||||",,
4686|10858|5560|3526|4360|12690|9166|4188|2612|4001|9054|4920|3871|2688|9480|5781|3646|2928|3288|2465|3190|3416|3466|4486|2973|2184|2960|2431|2528|2080|3067|3539|4262,instructions_start|q1_ins|q1_box|q2_box|q3_box|q4_ins|q4_box|q5_box|q6_box|q7_ins|q7_box|q8_box|q9_box|q10_ins|q10_box|q11_box|q12_box|q13_ins|q13_box|q14_box|q15_box|q16_ins|q16_box|q17_box|q18_box|q19_ins|q19_box|q20_box|q21_box|q22_ins|q22_box|q23_box|q24_box|end_comments,q1_box|q2_box|q3_box,,-1|0,63,,-1|0,10,,-1|0,4,,-1|0,3,,-1|0,90,,-1|0,50,drinking,1428869204.41|0,78,,-1|0,21,cooking,1428869212.339|0,100,brushing,1428869217.709|0,32,fishing,1428869106.204|0,105,applauding,1428869220.303|0,134,jumping,1428869222.771|0,24,reading,1428869227.889|0,135,drinking,1428869231.45|0,142,climbing,1428869235.06|0,94,climbing,1428869109.559|0,12,fishing,1428869113.582|0,8,,-1|0,115,,-1|0,129,,-1|0,130,reading,1428869150.568|0,47,gardening,1428869160.411|0,15,rowing,1428869164.657|0,88,1428869086,-1|-1|8000|8000|8000|-1|500|500|500|-1|5000|5000|5000|-1|1500|1500|1500|-1|1000|1000|1000|-1|2000|2000|2000|-1|3000|3000|3000|-1|4000|4000|4000|-1,"1428869072.051|-1086,19983|24345,4446||||52966,2883|||||||||||||||||||||||||||",,
9694|13982|9462|7481|6074|13498|5335|4618|4159|3531|3696|3563|4408|2255|4511|3962|3807|2297|6148|4460|4869|4592|2675|3674|3011|2327|4114|3757|4266|2734|1064|1357|1398,instructions_start|q1_ins|q1_box|q2_box|q3_box|q4_ins|q4_box|q5_box|q6_box|q7_ins|q7_box|q8_box|q9_box|q10_ins|q10_box|q11_box|q12_box|q13_ins|q13_box|q14_box|q15_box|q16_ins|q16_box|q17_box|q18_box|q19_ins|q19_box|q20_box|q21_box|q22_ins|q22_box|q23_box|q24_box|end_comments,q1_box|q2_box|q3_box,climbing,1428869255.088|0,56,cooking,1428869259.281|0,104,gardening,1428869263.246|0,36,gardening,1428869271.025|0,132,writing,1428869276.129|0,54,phoning,1428869280.581|0,117,,-1|0,40,,-1|0,109,,-1|0,118,phoning,1428869301.429|0,89,writing,1428869190.348|0,20,applauding,1428869305.619|0,145,brushing,1428869309.415|0,44,,-1|0,123,,-1|0,108,,-1|0,100,drinking,1428869198.877|0,142,running,1428869205.419|0,80,,-1|0,45,,-1|0,129,,-1|0,121,,1428869240.882|0,120,,-1|0,119,,-1|0,134,1428869161,-1|-1|8000|8000|8000|-1|1500|1500|1500|-1|2000|2000|2000|-1|3000|3000|3000|-1|5000|5000|5000|-1|1000|1000|1000|-1|4000|4000|4000|-1|500|500|500|-1,"1428869159.612|-332,11375||||||||||||||||||||||||||||||||",,
12238|57665|27500|6891|6175|17016|3763|3371|4300|2416|3988|4188|3217|1767|3391|4252|3903|3102|2891|1157|1009|1390|2569|4042|3999|1739|4162|4145|3201|1875|2853|1335|1814,instructions_start|q1_ins|q1_box|q2_box|q3_box|q4_ins|q4_box|q5_box|q6_box|q7_ins|q7_box|q8_box|q9_box|q10_ins|q10_box|q11_box|q12_box|q13_ins|q13_box|q14_box|q15_box|q16_ins|q16_box|q17_box|q18_box|q19_ins|q19_box|q20_box|q21_box|q22_ins|q22_box|q23_box|q24_box|end_comments,q1_box|q2_box|q3_box,fishing,1428869461.37|0,30,,-1|0,132,writing,1428869468.91|0,54,,-1|0,15,,-1|0,3,,-1|0,38,gardening,1428869482.331|0,77,gardening,1428869485.643|1155,118,phoning,1428869489.405|0,46,rowing,1428869495.526|0,28,,-1|0,80,fishing,1428869500.14|0,105,waving,1428869503.202|0,138,,-1|0,55,,-1|0,64,,-1|0,31,writing,1428869404.851|1263,47,phoning,1428869413.252|0,85,,-1|0,145,,-1|0,9,,-1|0,41,brushing,1428869448.807|0,75,waving,1428869453.128|0,146,brushing,1428869456.31|0,18,1428869305,-1|-1|8000|8000|8000|-1|1500|1500|1500|-1|4000|4000|4000|-1|2000|2000|2000|-1|500|500|500|-1|3000|3000|3000|-1|5000|5000|5000|-1|1000|1000|1000|-1,"1428869289.519|-3886,31415||||||||||||||||||||||||||||||||",,
6809|15438|11274|5719|5417|8535|9112|12056|6104|9077|4914|3503|3217|3734|2818|3616|3064|4207|2401|2871|3193|1663|4961|4864|3328|2310|3618|3463|3834|1966|3497|2951|2977,instructions_start|q1_ins|q1_box|q2_box|q3_box|q4_ins|q4_box|q5_box|q6_box|q7_ins|q7_box|q8_box|q9_box|q10_ins|q10_box|q11_box|q12_box|q13_ins|q13_box|q14_box|q15_box|q16_ins|q16_box|q17_box|q18_box|q19_ins|q19_box|q20_box|q21_box|q22_ins|q22_box|q23_box|q24_box|end_comments,q1_box|q2_box|q3_box,fishing,1428869192.214|0,30,cleaning,1428869195.868|0,63,running,1428869198.949|0,124,,-1|0,82,,-1|0,44,,-1|0,110,running,1428869217.604|0,123,rowing,1428869222.836|0,38,brushing,1428869226.109|0,126,,-1|0,117,brushing,1428869114.127|0,71,,1428869235.34|0,18,,-1|0,114,,-1|0,45,,-1|0,12,,-1|0,101,phoning,1428869123.192|0,122,writing,1428869128.606|0,83,,-1|0,55,,-1|0,119,,-1|0,118,,-1|0,28,reading,1428869182.316|0,130,fishing,1428869185.27|0,143,1428869086,-1|-1|8000|8000|8000|-1|1500|1500|1500|-1|3000|3000|3000|-1|5000|5000|5000|-1|500|500|500|-1|4000|4000|4000|-1|2000|2000|2000|-1|1000|1000|1000|-1,"1428869074.439|-3953,21727||||||||||||||||||||||||||||||||",,
478112|61853|4271|3818|3566|2559|3550|2114|2818|110078|3249|3735|4038|1856|2545|3473|2549|1307|2844|3099|2857|6311|1594|3813|1801|1588|3188|2246|2871|1481|2720|2607|2903,instructions_start|q1_ins|q1_box|q2_box|q3_box|q4_ins|q4_box|q5_box|q6_box|q7_ins|q7_box|q8_box|q9_box|q10_ins|q10_box|q11_box|q12_box|q13_ins|q13_box|q14_box|q15_box|q16_ins|q16_box|q17_box|q18_box|q19_ins|q19_box|q20_box|q21_box|q22_ins|q22_box|q23_box|q24_box|end_comments,q1_box|q2_box|q3_box,gardening,1428869910.252|0,147,writing,1428869913.638|0,17,waving,1428869916.388|0,86,rowing,1428869920.131|0,55,,-1|0,101,applauding,1428869926.388|0,29,,-1|0,36,,-1|0,118,,-1|0,46,cooking,1428869944.716|0,16,rowing,1428869765.082|0,91,running,1428869946.955|0,124,waving,1428869949.627|0,109,,-1|0,85,,-1|0,6,cooking,1428869959.003|0,104,climbing,1428869770.026|0,52,gardening,1428869773.707|0,25,,-1|0,19,,-1|0,7,,-1|0,100,brushing,1428869897.718|0,68,drinking,1428869901.735|0,95,phoning,1428869905.509|0,122,1428869223,-1|-1|8000|8000|8000|-1|1000|1000|1000|-1|3000|3000|3000|-1|4000|4000|4000|-1|2000|2000|2000|-1|500|500|500|-1|5000|5000|5000|-1|1500|1500|1500|-1,"1428869220.71|-799,477575|534381,6169;540554,1659||||||||||||||||||||||||721405,248|||||||",,
15172|12510|4242|4693|3008|4144|5259|7552|2048|2951|3625|2552|3088|3278|3209|3169|7936|4975|3761|3936|6695|1650|3035|2791|2720|3295|4472|1936|2625|1735|5648|2448|4480,instructions_start|q1_ins|q1_box|q2_box|q3_box|q4_ins|q4_box|q5_box|q6_box|q7_ins|q7_box|q8_box|q9_box|q10_ins|q10_box|q11_box|q12_box|q13_ins|q13_box|q14_box|q15_box|q16_ins|q16_box|q17_box|q18_box|q19_ins|q19_box|q20_box|q21_box|q22_ins|q22_box|q23_box|q24_box|end_comments,q1_box|q2_box|q3_box,,-1|0,97,,-1|0,62,,-1|0,24,cleaning,1428869194.179|0,63,drinking,1428869198.012|0,95,,-1|0,46,,-1|0,15,applauding,1428869212.359|0,6,brushing,1428869215.213|0,5,brushing,1428869221.445|0,132,fishing,1428869129.246|0,8,drinking,1428869225.629|0,41,writing,1428869228.342|0,140,jumping,1428869233.253|0,38,applauding,1428869238.022|0,33,fishing,1428869241.037|0,34,applauding,1428869133.486|0,145,fishing,1428869137.205|0,11,,-1|0,94,jumping,1428869149.443|0,128,brushing,1428869156.618|0,48,running,1428869163.171|0,7,waving,1428869165.739|0,109,cooking,1428869168.9|0,45,1428869099,-1|-1|8000|8000|8000|-1|1500|1500|1500|-1|5000|5000|5000|-1|500|500|500|-1|2000|2000|2000|-1|1000|1000|1000|-1|3000|3000|3000|-1|4000|4000|4000|-1,"1428869097.521|-209,16678||||||||||||||||||||||||||||||||",,
6114|7056|7572|4935|4031|2059|5966|3347|2747|1719|2751|2268|2102|1498|3055|2377|2315|1537|2722|3337|3487|1385|1187|1178|1104|1467|2913|2250|2449|1000|2892|2904|3463,instructions_start|q1_ins|q1_box|q2_box|q3_box|q4_ins|q4_box|q5_box|q6_box|q7_ins|q7_box|q8_box|q9_box|q10_ins|q10_box|q11_box|q12_box|q13_ins|q13_box|q14_box|q15_box|q16_ins|q16_box|q17_box|q18_box|q19_ins|q19_box|q20_box|q21_box|q22_ins|q22_box|q23_box|q24_box|end_comments,q1_box|q2_box|q3_box,reading,1428869319.121|0,130,jumping,1428869321.575|0,72,running,1428869323.961|0,123,running,1428869328.12|0,80,running,1428869331.326|0,40,brushing,1428869334.75|0,71,,-1|0,132,,-1|0,114,,-1|0,58,cooking,1428869343.574|0,133,drinking,1428869280.608|0,107,,-1|0,120,,-1|0,15,gardening,1428869352.694|0,84,rowing,1428869355.494|0,28,phoning,1428869359.021|0,89,drinking,1428869285.488|0,81,cleaning,1428869290.89|0,98,writing,1428869297.018|0,42,writing,1428869302.863|0,17,jumping,1428869305.67|0,96,,-1|0,129,,-1|0,7,,-1|0,16,1428869263,-1|-1|8000|8000|8000|-1|3000|3000|3000|-1|1000|1000|1000|-1|2000|2000|2000|-1|5000|5000|5000|-1|500|500|500|-1|1500|1500|1500|-1|4000|4000|4000|-1,"1428869262.065|-117,1030||||||||||||||||||||||||||||||||",,
4086|10448|22874|4575|4768|6326|19057|4448|4561|2478|3770|4616|6224|1919|3441|3448|3928|2415|2905|2672|3824|2399|5810|14471|3328|1743|4316|3862|3568|1310|5002|14024|4648,instructions_start|q1_ins|q1_box|q2_box|q3_box|q4_ins|q4_box|q5_box|q6_box|q7_ins|q7_box|q8_box|q9_box|q10_ins|q10_box|q11_box|q12_box|q13_ins|q13_box|q14_box|q15_box|q16_ins|q16_box|q17_box|q18_box|q19_ins|q19_box|q20_box|q21_box|q22_ins|q22_box|q23_box|q24_box|end_comments,q1_box|q2_box|q3_box,climbing,1428869151.619|0,82,climbing,1428869155.339|0,52,phoning,1428869159.109|0,97,applauding,1428869164.396|0,6,drinking,1428869167.164|0,121,cooking,1428869170.447|0,60,,-1|0,53,,-1|0,146,,-1|0,94,,-1|0,91,,-1|0,87,,-1|0,130,,-1|0,37,,-1|0,57,,-1|0,38,,-1|0,80,cooking,1428869089.658|0,45,brushing,1428869094.507|0,18,,-1|0,36,,-1|0,102,,-1|0,95,waving,1428869134.687|443,14,applauding,1428869140.268|0,134,,-1|0,8,1428869049,-1|-1|8000|8000|8000|-1|1500|1500|1500|-1|4000|4000|4000|-1|3000|3000|3000|-1|5000|5000|5000|-1|1000|1000|1000|-1|2000|2000|2000|-1|500|500|500|-1,"1428869048.061|-338,5557||||||||||||||||||||||||||||||||",,
125192|7263|9423|6432|3065|6830|48795|6702|10112|9303|6433|4784|4143|3160|3208|3104|2760|3144|3665|3831|4984|21088|3152|3752|3592|3496|7536|3672|3680|6359|2865|3520|3488,instructions_start|q1_ins|q1_box|q2_box|q3_box|q4_ins|q4_box|q5_box|q6_box|q7_ins|q7_box|q8_box|q9_box|q10_ins|q10_box|q11_box|q12_box|q13_ins|q13_box|q14_box|q15_box|q16_ins|q16_box|q17_box|q18_box|q19_ins|q19_box|q20_box|q21_box|q22_ins|q22_box|q23_box|q24_box|end_comments,q1_box|q2_box|q3_box,gardening,1428869576.695|0,84,writing,1428869580.007|0,47,climbing,1428869582.911|0,94,climbing,1428869589.391|0,82,waving,1428869593.358|0,58,jumping,1428869598.199|0,72,,-1|0,129,,-1|0,68,,-1|0,87,,-1|0,92,cooking,1428869462.753|0,150,,-1|0,139,,-1|0,141,running,1428869657.558|0,93,gardening,1428869660.71|0,4,climbing,1428869664.519|0,120,fishing,1428869469.232|0,143,drinking,1428869473.319|0,119,,-1|0,85,,1428869532.095|0,14,writing,1428869538.567|0,20,,-1|0,69,,-1|0,140,,-1|0,124,1428869323,-1|-1|8000|8000|8000|-1|2000|2000|2000|-1|500|500|500|-1|3000|3000|3000|-1|5000|5000|5000|-1|1000|1000|1000|-1|1500|1500|1500|-1|4000|4000|4000|-1,"1428869318.83|-1209,130556||||||174284,33516|||||||||||||||286303,13412|||||||||||",,
4361|6793|14782|4816|4073|3834|4501|3892|4881|4186|5633|3380|3091|1631|3510|4390|4779|1721|3857|3951|4039|2644|4139|2408|2812|1644|4466|3378|3889|2057|3556|3421|3587,instructions_start|q1_ins|q1_box|q2_box|q3_box|q4_ins|q4_box|q5_box|q6_box|q7_ins|q7_box|q8_box|q9_box|q10_ins|q10_box|q11_box|q12_box|q13_ins|q13_box|q14_box|q15_box|q16_ins|q16_box|q17_box|q18_box|q19_ins|q19_box|q20_box|q21_box|q22_ins|q22_box|q23_box|q24_box|end_comments,q1_box|q2_box|q3_box,fishing,1428869189.68|0,125,fishing,1428869194.109|0,11,waving,1428869198.856|0,86,,-1|0,64,,-1|0,9,,-1|0,50,,-1|0,89,,-1|0,92,,-1|0,45,rowing,1428869230.266|0,23,phoning,1428869132.934|0,122,fishing,1428869234.035|0,30,drinking,1428869237.692|0,119,,-1|0,140,,-1|0,42,,-1|0,131,writing,1428869146.95|0,106,cooking,1428869151.205|0,16,cooking,1428869159.123|0,133,climbing,1428869163.365|0,12,jumping,1428869168.28|0,96,,-1|0,126,,-1|0,53,,-1|0,60,1428869118,-1|-1|8000|8000|8000|-1|4000|4000|4000|-1|1000|1000|1000|-1|5000|5000|5000|-1|2000|2000|2000|-1|500|500|500|-1|3000|3000|3000|-1|1500|1500|1500|-1,"1428869113.104|-566,9640||||||||||||||||||||||||||||||||",,
222612|9149|15635|5148|4391|4476|3638|2778|5682|2568|2572|3478|3201|2548|2484|3999|3484|2332|1702|1117|977|5738|1916|1584|1483|2650|3362|3383|2304|4950|2882|2135|2018,instructions_start|q1_ins|q1_box|q2_box|q3_box|q4_ins|q4_box|q5_box|q6_box|q7_ins|q7_box|q8_box|q9_box|q10_ins|q10_box|q11_box|q12_box|q13_ins|q13_box|q14_box|q15_box|q16_ins|q16_box|q17_box|q18_box|q19_ins|q19_box|q20_box|q21_box|q22_ins|q22_box|q23_box|q24_box|end_comments,q1_box|q2_box|q3_box,reading,1428869746.189|0,57,,-1|0,70,,-1|0,6,,-1|0,26,,-1|0,15,,-1|0,134,,-1|0,12,,-1|0,79,,-1|0,95,writing,1428869776.391|0,137,applauding,1428869692.425|0,33,cooking,1428869779.729|0,22,fishing,1428869782.175|0,125,,-1|0,142,,-1|0,81,,-1|0,94,climbing,1428869708.178|0,13,gardening,1428869712.137|0,77,drinking,1428869720.194|0,121,fishing,1428869723.432|0,8,,-1|0,128,drinking,1428869734.273|0,119,phoning,1428869737.683|0,97,cooking,1428869741.089|0,45,1428869457,-1|-1|8000|8000|8000|-1|4000|4000|4000|-1|3000|3000|3000|-1|2000|2000|2000|-1|500|500|500|-1|1000|1000|1000|-1|5000|5000|5000|-1|1500|1500|1500|-1,"1428869432.627|-2874,249407||||||||||||||||||||||||||||||||",,
1567|8307|4234|4018|7918|5329|10952|6730|4923|4466|3249|4253|5086|2547|3066|2953|2683|2485|3153|2830|3937|2547|2350|3088|2561|2596|3843|3574|3871|2234|1383|1475|1766,instructions_start|q1_ins|q1_box|q2_box|q3_box|q4_ins|q4_box|q5_box|q6_box|q7_ins|q7_box|q8_box|q9_box|q10_ins|q10_box|q11_box|q12_box|q13_ins|q13_box|q14_box|q15_box|q16_ins|q16_box|q17_box|q18_box|q19_ins|q19_box|q20_box|q21_box|q22_ins|q22_box|q23_box|q24_box|end_comments,q1_box|q2_box|q3_box,cooking,1428869528.262|0,150,gardening,1428869531.3|0,118,cleaning,1428869533.8|0,98,writing,1428869539.402|0,47,rowing,1428869542.391|0,23,writing,1428869545.949|0,20,rowing,1428869551.261|0,88,drinking,1428869554.28|0,107,rowing,1428869556.836|0,91,,-1|0,3,fishing,1428869465.131|0,143,,-1|0,135,,-1|0,55,,-1|0,57,,-1|0,11,,-1|0,121,fishing,1428869469.197|0,34,waving,1428869473.418|0,146,,-1|0,15,,-1|0,133,cleaning,1428869503.026|0,120,cleaning,1428869512.698|0,97,,-1|0,6,applauding,1428869520.433|0,22,1428869453,-1|-1|8000|8000|8000|-1|1500|1500|1500|-1|2000|2000|2000|-1|3000|3000|3000|-1|5000|5000|5000|-1|4000|4000|4000|-1|1000|1000|1000|-1|500|500|500|-1,"1428869449.794|-843,5150||||||||||||||||||||||||||||||||",,
5948|10433|7628|5407|3573|7141|3483|3193|3000|8078|5578|5477|3273|4951|3497|2473|2336|5744|2938|2951|2170|5478|3805|2312|2373|2033|2277|2591|4025|2475|3435|2143|2922,instructions_start|q1_ins|q1_box|q2_box|q3_box|q4_ins|q4_box|q5_box|q6_box|q7_ins|q7_box|q8_box|q9_box|q10_ins|q10_box|q11_box|q12_box|q13_ins|q13_box|q14_box|q15_box|q16_ins|q16_box|q17_box|q18_box|q19_ins|q19_box|q20_box|q21_box|q22_ins|q22_box|q23_box|q24_box|end_comments,q1_box|q2_box|q3_box,,-1|0,134,,-1|0,78,,-1|0,81,applauding,1428869364.384|0,51,reading,1428869366.984|0,141,drinking,1428869369.728|0,121,,-1|0,60,,-1|0,42,,-1|0,129,applauding,1428869387.888|0,35,running,1428869293.601|0,70,cooking,1428869390.352|0,45,gardening,1428869394.184|0,15,,-1|0,128,applauding,1428869402.641|0,6,brushing,1428869405.272|0,32,phoning,1428869299.362|0,97,brushing,1428869303.048|0,5,gardening,1428869313.847|0,147,cooking,1428869317.072|0,43,applauding,1428869320.072|0,29,,-1|0,113,running,1428869336.073|0,93,,-1|0,46,1428869271,-1|-1|8000|8000|8000|-1|5000|5000|5000|-1|1500|1500|1500|-1|500|500|500|-1|3000|3000|3000|-1|1000|1000|1000|-1|4000|4000|4000|-1|2000|2000|2000|-1,"1428869268.635|-616,9131||||||||||||||||||||||||||||||||",,
4949|5710|12223|7308|3141|3006|6235|4923|3742|6935|3158|5485|3375|1913|2048|2971|3302|1585|1838|1631|1812|1546|2158|2297|2782|1514|2330|2336|2430|3678|3180|2500|2367,instructions_start|q1_ins|q1_box|q2_box|q3_box|q4_ins|q4_box|q5_box|q6_box|q7_ins|q7_box|q8_box|q9_box|q10_ins|q10_box|q11_box|q12_box|q13_ins|q13_box|q14_box|q15_box|q16_ins|q16_box|q17_box|q18_box|q19_ins|q19_box|q20_box|q21_box|q22_ins|q22_box|q23_box|q24_box|end_comments,q1_box|q2_box|q3_box,climbing,1428869191.072|0,12,,-1|0,86,writing,1428869196.145|0,17,,-1|0,18,,-1|0,121,,-1|0,141,drinking,1428869208.088|0,81,brushing,1428869210.589|0,71,cleaning,1428869213.274|0,21,,-1|0,78,cooking,1428869132.145|0,100,,-1|0,60,,-1|0,34,phoning,1428869228.064|0,46,jumping,1428869230.978|0,128,applauding,1428869233.408|0,134,drinking,1428869144.221|1923,129,rowing,1428869149.972|0,3,jumping,1428869156.003|0,96,phoning,1428869163.38|0,9,gardening,1428869167.917|0,118,climbing,1428869177.865|0,13,running,1428869180.782|0,110,applauding,1428869187.073|0,67,1428869118,-1|-1|8000|8000|8000|-1|5000|5000|5000|-1|4000|4000|4000|-1|1500|1500|1500|-1|500|500|500|-1|3000|3000|3000|-1|1000|1000|1000|-1|2000|2000|2000|-1,"1428869116.571|-299,2813||||||||||||||||||||||||||||||||",,
7670|3234|7753|5355|6270|12985|4593|4826|6909|2375|3697|4181|3453|3828|3797|4473|3501|3460|6707|3322|2330|2277|3385|5270|3228|2636|3462|3896|3524|2261|3749|3424|3585,instructions_start|q1_ins|q1_box|q2_box|q3_box|q4_ins|q4_box|q5_box|q6_box|q7_ins|q7_box|q8_box|q9_box|q10_ins|q10_box|q11_box|q12_box|q13_ins|q13_box|q14_box|q15_box|q16_ins|q16_box|q17_box|q18_box|q19_ins|q19_box|q20_box|q21_box|q22_ins|q22_box|q23_box|q24_box|end_comments,q1_box|q2_box|q3_box,,-1|0,22,,-1|0,66,,-1|0,76,,-1|0,131,,-1|0,51,,-1|0,113,brushing,1428869214.419|0,44,waving,1428869218.14|0,112,running,1428869222.974|0,110,,-1|0,102,applauding,1428869122.082|0,6,,-1|0,10,,-1|0,8,gardening,1428869242.081|0,31,cooking,1428869246.16|0,150,brushing,1428869249.516|0,32,writing,1428869127.577|0,54,writing,1428869132.879|0,20,,-1|0,24,waving,1428869155.035|0,109,,-1|0,43,rowing,1428869169.996|0,23,cleaning,1428869174.137|0,50,drinking,1428869177.644|0,95,1428869105,-1|-1|8000|8000|8000|-1|2000|2000|2000|-1|5000|5000|5000|-1|1000|1000|1000|-1|500|500|500|-1|4000|4000|4000|-1|1500|1500|1500|-1|3000|3000|3000|-1,"1428869104.422|-231,8720||||||||||||||||||||||||||||||||",,
6089|2808|6911|6694|4947|7078|3714|7857|3705|4129|7244|11006|3761|3652|3218|3120|2544|2386|4419|5262|4394|1793|4475|4033|3097|2329|2704|5788|3432|1561|3265|2816|2629,instructions_start|q1_ins|q1_box|q2_box|q3_box|q4_ins|q4_box|q5_box|q6_box|q7_ins|q7_box|q8_box|q9_box|q10_ins|q10_box|q11_box|q12_box|q13_ins|q13_box|q14_box|q15_box|q16_ins|q16_box|q17_box|q18_box|q19_ins|q19_box|q20_box|q21_box|q22_ins|q22_box|q23_box|q24_box|end_comments,q1_box|q2_box|q3_box,,-1|0,24,,-1|0,22,,-1|0,103,waving,-1|0,116,fishing,-1|0,139,cooking,-1|0,16,phoning,-1|0,144,rowing,-1|0,3,phoning,-1|0,73,drinking,-1|0,81,running,-1|0,37,fishing,-1|0,125,running,-1|0,70,,-1|0,67,,-1|0,105,,-1|0,96,phoning,-1|0,113,applauding,-1|0,134,writing,-1|0,79,applauding,-1|0,58,fishing,-1|0,8,,-1|0,51,,-1|0,83,,-1|0,33,1428869160,-1|-1|8000|8000|8000|-1|3000|3000|3000|-1|1500|1500|1500|-1|1000|1000|1000|-1|2000|2000|2000|-1|5000|5000|5000|-1|4000|4000|4000|-1|500|500|500|-1,"1428869159.689|-311,7036||||||||||||||||||||||||||||||||",,
4975|3042|3579|3330|3005|4468|4508|5616|9884|5422|2300|2258|3196|2771|1986|2102|2668|1905|2894|2479|1979|2421|3003|2162|2087|2707|4874|2275|2429|2559|2415|1757|2408,instructions_start|q1_ins|q1_box|q2_box|q3_box|q4_ins|q4_box|q5_box|q6_box|q7_ins|q7_box|q8_box|q9_box|q10_ins|q10_box|q11_box|q12_box|q13_ins|q13_box|q14_box|q15_box|q16_ins|q16_box|q17_box|q18_box|q19_ins|q19_box|q20_box|q21_box|q22_ins|q22_box|q23_box|q24_box|end_comments,q1_box|q2_box|q3_box,brushing,1428869123.612|184,5,writing,1428869125.736|204,83,gardening,1428869128.403|173,131,,-1|0,66,,-1|0,23,brushing,1428869137.514|0,75,,-1|0,60,,-1|0,57,,-1|0,124,cooking,1428869152.641|556,22,jumping,1428869073.769|0,96,writing,1428869157.26|173,42,rowing,1428869159.626|198,102,cleaning,1428869164.678|172,63,jumping,1428869166.421|208,127,drinking,1428869168.409|459,121,fishing,1428869077.588|0,8,reading,1428869080.511|0,53,,-1|0,74,,-1|0,7,,-1|0,79,fishing,1428869113.1|377,34,rowing,1428869115.612|196,55,,-1|0,120,1428869064,-1|-1|8000|8000|8000|-1|500|500|500|-1|2000|2000|2000|-1|4000|4000|4000|-1|1500|1500|1500|-1|1000|1000|1000|-1|3000|3000|3000|-1|5000|5000|5000|-1,"1428869062.532|-249,3495||||||||38395,4128||||||||||||||||||||||||",,
3301|3544|4150|4652|3525|3482|4893|4630|3780|2624|4517|2840|3454|1942|3227|1259|1633|2163|3488|3742|3528|2501|4047|2863|3501|11365|3147|4079|2999|2206|3234|3255|3699,instructions_start|q1_ins|q1_box|q2_box|q3_box|q4_ins|q4_box|q5_box|q6_box|q7_ins|q7_box|q8_box|q9_box|q10_ins|q10_box|q11_box|q12_box|q13_ins|q13_box|q14_box|q15_box|q16_ins|q16_box|q17_box|q18_box|q19_ins|q19_box|q20_box|q21_box|q22_ins|q22_box|q23_box|q24_box|end_comments,q1_box|q2_box|q3_box,,-1|0,65,,-1|0,145,,-1|0,36,brushing,1428869141.474|0,32,phoning,1428869145.295|0,9,running,1428869148.731|0,123,gardening,1428869154.027|0,31,reading,1428869158.447|0,130,applauding,1428869160.995|431,29,climbing,1428869176.084|0,56,waving,1428869088.641|0,2,writing,1428869180.338|0,83,gardening,1428869183.417|0,77,writing,1428869188.096|0,137,,-1|0,108,running,1428869195.104|0,80,applauding,1428869093.771|0,134,climbing,1428869097.129|0,120,,-1|0,140,,-1|0,117,,-1|0,76,,-1|0,106,,-1|0,70,,-1|0,47,1428869080,-1|-1|8000|8000|8000|-1|2000|2000|2000|-1|1000|1000|1000|-1|500|500|500|-1|5000|5000|5000|-1|3000|3000|3000|-1|4000|4000|4000|-1|1500|1500|1500|-1,"1428869077.879|-466,5363|||||||||||||||||||||||||88159,6241|||||||",,
2084|4886|6784|3884|3997|6462|10562|3560|3127|4454|3259|3494|3369|2478|3747|3434|3062|1605|3235|3421|2832|1368|3346|2604|4429|1204|3585|3669|3071|924|3025|4353|4418,instructions_start|q1_ins|q1_box|q2_box|q3_box|q4_ins|q4_box|q5_box|q6_box|q7_ins|q7_box|q8_box|q9_box|q10_ins|q10_box|q11_box|q12_box|q13_ins|q13_box|q14_box|q15_box|q16_ins|q16_box|q17_box|q18_box|q19_ins|q19_box|q20_box|q21_box|q22_ins|q22_box|q23_box|q24_box|end_comments,q1_box|q2_box|q3_box,,-1|0,150,,-1|0,3,,-1|0,43,brushing,1428869216.675|0,132,reading,1428869220.066|0,76,phoning,1428869222.794|0,74,,-1|0,66,,-1|0,141,,-1|0,125,phoning,1428869239.474|0,85,gardening,1428869152.171|0,77,cleaning,1428869242.98|0,59,fishing,1428869246.298|0,139,climbing,1428869250.114|0,56,,-1|0,14,,-1|0,33,reading,1428869156.531|0,130,rowing,1428869160.594|0,91,,-1|0,116,,-1|0,108,,-1|0,44,climbing,1428869191.899|0,87,,-1|0,46,,1428869198.834|0,11,1428869140,-1|-1|8000|8000|8000|-1|500|500|500|-1|2000|2000|2000|-1|1500|1500|1500|-1|4000|4000|4000|-1|1000|1000|1000|-1|5000|5000|5000|-1|3000|3000|3000|-1,"1428869139.597|-308,3016||||||||||||||||||||||||||||||||",,